{"cameraMode":{"drawMode":0,"name":"Shaded","section":"Shading Mode"},"sceneLighting":true,"audioPlay":false,"sceneViewState":{"m_AlwaysRefresh":false,"showFog":true,"showSkybox":true,"showFlares":true,"showImageEffects":true,"showParticleSystems":true,"showVisualEffectGraphs":true,"m_FxEnabled":true},"in2DMode":false,"pivot":{"x":-0.15392351150512696,"y":0.2050555944442749,"z":0.4286563992500305},"rotation":{"x":-0.14631302654743195,"y":0.6176342964172363,"z":-0.11834139376878739,"w":-0.7636218667030335},"size":1.4421488046646119,"orthographic":false}